{"cameraMode":{"drawMode":0,"name":"Shaded","section":"Shading Mode"},"sceneLighting":true,"audioPlay":false,"sceneViewState":{"showFog":true,"showMaterialUpdate":false,"showSkybox":true,"showFlares":true,"showImageEffects":true,"showParticleSystems":true},"in2DMode":false,"pivot":{"x":-196.34410095214845,"y":6.507098197937012,"z":-0.2024863213300705},"rotation":{"x":0.014737405814230442,"y":0.9818671345710754,"z":-0.1683521270751953,"w":0.08593606948852539},"size":5.744565010070801,"orthographic":false}