{"cameraMode":{"drawMode":0,"name":"Shaded","section":"Shading Mode"},"sceneLighting":true,"audioPlay":false,"sceneViewState":{"showFog":true,"showMaterialUpdate":false,"showSkybox":true,"showFlares":true,"showImageEffects":true,"showParticleSystems":true},"in2DMode":false,"pivot":{"x":0.36350125074386599,"y":2.5164902210235597,"z":-1.1751610040664673},"rotation":{"x":0.13988642394542695,"y":-0.02673073299229145,"z":0.00377533002756536,"w":0.989804208278656},"size":1.3744256496429444,"orthographic":false}