{"cameraMode":{"drawMode":0,"name":"Shaded","section":"Shading Mode"},"sceneLighting":true,"audioPlay":false,"sceneViewState":{"showFog":true,"showMaterialUpdate":false,"showSkybox":true,"showFlares":true,"showImageEffects":true,"showParticleSystems":true},"in2DMode":false,"pivot":{"x":2.352861166000366,"y":6.063263416290283,"z":-1.5251736640930176},"rotation":{"x":0.35078877210617068,"y":-0.2051873803138733,"z":0.07905266433954239,"w":0.9103106260299683},"size":5.744565010070801,"orthographic":false}