{"cameraMode":{"drawMode":0,"name":"Shaded","section":"Shading Mode"},"sceneLighting":true,"audioPlay":false,"sceneViewState":{"showFog":true,"showMaterialUpdate":false,"showSkybox":true,"showFlares":true,"showImageEffects":true,"showParticleSystems":true},"in2DMode":false,"pivot":{"x":2.6475930213928224,"y":-1.7809333801269532,"z":7.581488132476807},"rotation":{"x":0.20716553926467896,"y":0.20116282999515534,"z":-0.04359671100974083,"w":0.956440806388855},"size":5.744565010070801,"orthographic":false}