{"cameraMode":{"drawMode":0,"name":"Shaded","section":"Shading Mode"},"sceneLighting":true,"audioPlay":false,"sceneViewState":{"showFog":true,"showMaterialUpdate":false,"showSkybox":true,"showFlares":true,"showImageEffects":true,"showParticleSystems":true},"in2DMode":false,"pivot":{"x":-198.114013671875,"y":3.7492151260375978,"z":-7.99056339263916},"rotation":{"x":-0.0036963792517781259,"y":-0.9287158846855164,"z":0.37073516845703127,"w":-0.009177858009934426},"size":4.8000006675720219,"orthographic":false}