{"cameraMode":{"drawMode":0,"name":"Shaded","section":"Shading Mode"},"sceneLighting":true,"audioPlay":false,"sceneViewState":{"showFog":true,"showMaterialUpdate":false,"showSkybox":true,"showFlares":true,"showImageEffects":true,"showParticleSystems":true},"in2DMode":false,"pivot":{"x":-2.694993257522583,"y":-11.175930976867676,"z":8.663744926452637},"rotation":{"x":-0.3392805755138397,"y":0.6027697324752808,"z":-0.3133963346481323,"w":-0.6509790420532227},"size":21.481124877929689,"orthographic":false}