{"cameraMode":{"drawMode":0,"name":"Shaded","section":"Shading Mode"},"sceneLighting":true,"audioPlay":false,"sceneViewState":{"showFog":true,"showMaterialUpdate":false,"showSkybox":true,"showFlares":true,"showImageEffects":true,"showParticleSystems":true},"in2DMode":false,"pivot":{"x":0.39851972460746767,"y":2.6061532497406008,"z":-5.994683265686035},"rotation":{"x":0.040488164871931079,"y":-0.005995158106088638,"z":0.00024279301578644663,"w":0.9991629719734192},"size":1.2247449159622193,"orthographic":false}