{"cameraMode":{"drawMode":0,"name":"Shaded","section":"Shading Mode"},"sceneLighting":true,"audioPlay":false,"sceneViewState":{"showFog":true,"showMaterialUpdate":false,"showSkybox":true,"showFlares":true,"showImageEffects":true,"showParticleSystems":true},"in2DMode":false,"pivot":{"x":-0.20492666959762574,"y":0.7974579930305481,"z":0.9812882542610169},"rotation":{"x":0.1885925829410553,"y":-0.5590513348579407,"z":0.1323748528957367,"w":0.7964840531349182},"size":1.2247449159622193,"orthographic":false}