{"cameraMode":{"drawMode":0,"name":"Shaded","section":"Shading Mode"},"sceneLighting":true,"audioPlay":false,"sceneViewState":{"showFog":true,"showMaterialUpdate":false,"showSkybox":true,"showFlares":true,"showImageEffects":true,"showParticleSystems":true},"in2DMode":false,"pivot":{"x":-2.738347053527832,"y":2.8482229709625246,"z":1.1927320957183838},"rotation":{"x":0.22735770046710969,"y":0.5459949374198914,"z":-0.1569363921880722,"w":0.7909509539604187},"size":0.6433013677597046,"orthographic":false}